date,day,visitors
2020-01-01,수,1239.0
2020-01-02,목,866.0
2020-01-03,금,812.0
2020-01-04,토,2059.0
2020-01-05,일,2721.0
2020-01-06,월,466.0
2020-01-07,화,281.0
2020-01-08,수,622.0
2020-01-09,목,1282.0
2020-01-10,금,786.0
2020-01-11,토,1961.0
2020-01-12,일,2180.0
2020-01-13,월,732.0
2020-01-14,화,895.0
2020-01-15,수,857.0
2020-01-16,목,762.0
2020-01-17,금,674.0
2020-01-18,토,2425.0
2020-01-19,일,1539.0
2020-01-20,월,761.0
2020-01-21,화,763.0
2020-01-22,수,780.0
2020-01-23,목,809.0
2020-01-24,금,2041.0
2020-01-25,토,3800.0
2020-01-26,일,4597.0
2020-01-27,월,2236.0
2020-01-28,화,925.0
2020-01-29,수,757.0
2020-01-30,목,2013.0
2020-01-31,금,628.0
2020-02-01,토,1251.0
2020-02-02,일,1142.0
2020-02-03,월,521.0
2020-02-04,화,480.0
2020-02-05,수,301.0
2020-02-06,목,343.0
2020-02-07,금,415.0
2020-02-08,토,1313.0
2020-02-09,일,1484.0
2020-02-10,월,760.0
2020-02-11,화,987.0
2020-02-12,수,278.0
2020-02-13,목,721.0
2020-02-14,금,1049.0
2020-02-15,토,3226.0
2020-02-16,일,665.0
2020-02-17,월,378.0
2020-02-18,화,630.0
2020-02-19,수,822.0
2020-02-20,목,882.0
2020-02-21,금,565.0
2020-02-22,토,791.0
2020-02-23,일,1714.0
2020-02-24,월,519.0
2020-02-25,화,77.0
2020-02-26,수,1275.0
2020-02-27,목,687.0
2020-02-28,금,1210.0
2020-02-29,토,1384.0
2020-03-01,일,1062.0
2020-03-02,월,566.0
2020-03-03,화,569.0
2020-03-04,수,372.0
2020-03-05,목,585.0
2020-03-06,금,793.0
2020-03-07,토,2138.0
2020-03-08,일,4584.0
2020-03-09,월,920.0
2020-03-10,화,134.0
2020-03-11,수,1117.0
2020-03-12,목,1212.0
2020-03-13,금,907.0
2020-03-14,토,3569.0
2020-03-15,일,2683.0
2020-03-16,월,869.0
2020-03-17,화,596.0
2020-03-18,수,1808.0
2020-03-19,목,178.0
2020-03-20,금,1569.0
2020-03-21,토,5907.0
2020-03-22,일,7744.0
2020-03-23,월,1814.0
2020-03-24,화,1988.0
2020-03-25,수,1998.0
2020-03-26,목,1218.0
2020-03-27,금,1462.0
2020-03-28,토,6187.0
2020-03-29,일,8822.0
2020-03-30,월,2259.0
2020-03-31,화,2794.0
2020-04-01,수,2319.0
2020-04-02,목,3075.0
2020-04-03,금,3217.0
2020-04-04,토,7813.0
2020-04-05,일,7693.0
2020-04-06,월,2561.0
2020-04-07,화,2433.0
2020-04-08,수,2634.0
2020-04-09,목,2197.0
2020-04-10,금,2567.0
2020-04-11,토,6481.0
2020-04-12,일,5717.0
2020-04-13,월,2404.0
2020-04-14,화,3468.0
2020-04-15,수,7392.0
2020-04-16,목,2648.0
2020-04-17,금,222.0
2020-04-18,토,10325.0
2020-04-19,일,2892.0
2020-04-20,월,719.0
2020-04-21,화,1039.0
2020-04-22,수,499.0
2020-04-23,목,3011.0
2020-04-24,금,1572.0
2020-04-25,토,7857.0
2020-04-26,일,12018.0
2020-04-27,월,2268.0
2020-04-28,화,2980.0
2020-04-29,수,4256.0
2020-04-30,목,16598.0
2020-05-01,금,15733.0
2020-05-02,토,13597.0
2020-05-03,일,10559.0
2020-05-04,월,10000.0
2020-05-05,화,25907.0
2020-05-06,수,3458.0
2020-05-07,목,3846.0
2020-05-08,금,2263.0
2020-05-09,토,521.0
2020-05-10,일,6871.0
2020-05-11,월,1814.0
2020-05-12,화,1787.0
2020-05-13,수,2644.0
2020-05-14,목,2399.0
2020-05-15,금,222.0
2020-05-16,토,4834.0
2020-05-17,일,8875.0
2020-05-18,월,933.0
2020-05-19,화,608.0
2020-05-20,수,2859.0
2020-05-21,목,3040.0
2020-05-22,금,2567.0
2020-05-23,토,12038.0
2020-05-24,일,5990.0
2020-05-25,월,2649.0
2020-05-26,화,2091.0
2020-05-27,수,7943.0
2020-05-28,목,2829.0
2020-05-29,금,2511.0
2020-05-30,토,8157.0
2020-05-31,일,7746.0
2020-06-01,월,2419.0
2020-06-02,화,758.0
2020-06-03,수,1887.0
2020-06-04,목,1942.0
2020-06-05,금,2268.0
2020-06-06,토,9246.0
2020-06-07,일,8306.0
2020-06-08,월,1799.0
2020-06-09,화,1584.0
2020-06-10,수,1546.0
2020-06-11,목,1565.0
2020-06-12,금,1819.0
2020-06-13,토,4621.0
2020-06-14,일,6533.0
2020-06-15,월,1793.0
2020-06-16,화,1702.0
2020-06-17,수,1693.0
2020-06-18,목,3264.0
2020-06-19,금,1826.0
2020-06-20,토,6019.0
2020-06-21,일,5512.0
2020-06-22,월,975.0
2020-06-23,화,1341.0
2020-06-24,수,259.0
2020-06-25,목,767.0
2020-06-26,금,9415.0
2020-06-27,토,6844.0
2020-06-28,일,6639.0
2020-06-29,월,1703.0
2020-06-30,화,658.0
2020-07-01,수,1726.0
2020-07-02,목,1617.0
2020-07-03,금,1699.0
2020-07-04,토,7165.0
2020-07-05,일,7115.0
2020-07-06,월,1361.0
2020-07-07,화,1566.0
2020-07-08,수,1283.0
2020-07-09,목,1276.0
2020-07-10,금,1563.0
2020-07-11,토,6522.0
2020-07-12,일,6632.0
2020-07-13,월,166.0
2020-07-14,화,1600.0
2020-07-15,수,1945.0
2020-07-16,목,1505.0
2020-07-17,금,1382.0
2020-07-18,토,6974.0
2020-07-19,일,1990.0
2020-07-20,월,777.0
2020-07-21,화,1683.0
2020-07-22,수,625.0
2020-07-23,목,341.0
2020-07-24,금,773.0
2020-07-25,토,8869.0
2020-07-26,일,8223.0
2020-07-27,월,887.0
2020-07-28,화,1343.0
2020-07-29,수,4484.0
2020-07-30,목,1977.0
2020-07-31,금,2922.0
2020-08-01,토,1751.0
2020-08-02,일,744.0
2020-08-03,월,324.0
2020-08-04,화,1248.0
2020-08-05,수,707.0
2020-08-06,목,858.0
2020-08-07,금,2138.0
2020-08-08,토,2916.0
2020-08-09,일,250.0
2020-08-10,월,775.0
2020-08-11,화,688.0
2020-08-12,수,2017.0
2020-08-13,목,1547.0
2020-08-14,금,953.0
2020-08-15,토,1162.0
2020-08-16,일,6705.0
2020-08-17,월,3880.0
2020-08-18,화,801.0
2020-08-19,수,1599.0
2020-08-20,목,556.0
2020-08-21,금,507.0
2020-08-22,토,976.0
2020-08-23,일,1923.0
2020-08-24,월,571.0
2020-08-25,화,504.0
2020-08-26,수,445.0
2020-08-27,목,323.0
2020-08-28,금,439.0
2020-08-29,토,756.0
2020-08-30,일,1491.0
2020-08-31,월,757.0
2020-09-01,화,910.0
2020-09-02,수,265.0
2020-09-03,목,4967.0
2020-09-04,금,1984.0
2020-09-05,토,4480.0
2020-09-06,일,3416.0
2020-09-07,월,76.0
2020-09-08,화,2201.0
2020-09-09,수,1003.0
2020-09-10,목,2243.0
2020-09-11,금,1557.0
2020-09-12,토,2947.0
2020-09-13,일,12859.0
2020-09-14,월,2085.0
2020-09-15,화,2066.0
2020-09-16,수,820.0
2020-09-17,목,1990.0
2020-09-18,금,3086.0
2020-09-19,토,12178.0
2020-09-20,일,13140.0
2020-09-21,월,2247.0
2020-09-22,화,2214.0
2020-09-23,수,2052.0
2020-09-24,목,2298.0
2020-09-25,금,2335.0
2020-09-26,토,13447.0
2020-09-27,일,16860.0
2020-09-28,월,2594.0
2020-09-29,화,2608.0
2020-09-30,수,8986.0
2020-10-01,목,12365.0
2020-10-02,금,14323.0
2020-10-03,토,17995.0
2020-10-04,일,12932.0
2020-10-05,월,2634.0
2020-10-06,화,2407.0
2020-10-07,수,2600.0
2020-10-08,목,3057.0
2020-10-09,금,20177.0
2020-10-10,토,16405.0
2020-10-11,일,16264.0
2020-10-12,월,2757.0
2020-10-13,화,2857.0
2020-10-14,수,2933.0
2020-10-15,목,4093.0
2020-10-16,금,2772.0
2020-10-17,토,16441.0
2020-10-18,일,19461.0
2020-10-19,월,3141.0
2020-10-20,화,3559.0
2020-10-21,수,3093.0
2020-10-22,목,2704.0
2020-10-23,금,4009.0
2020-10-24,토,16500.0
2020-10-25,일,19042.0
2020-10-26,월,4035.0
2020-10-27,화,3842.0
2020-10-28,수,11655.0
2020-10-29,목,4267.0
2020-10-30,금,4856.0
2020-10-31,토,20185.0
2020-11-01,일,2763.0
2020-11-02,월,3832.0
2020-11-03,화,2520.0
2020-11-04,수,2146.0
2020-11-05,목,3091.0
2020-11-06,금,2812.0
2020-11-07,토,12821.0
2020-11-08,일,14694.0
2020-11-09,월,1919.0
2020-11-10,화,2248.0
2020-11-11,수,2747.0
2020-11-12,목,2673.0
2020-11-13,금,3375.0
2020-11-14,토,9802.0
2020-11-15,일,9447.0
2020-11-16,월,1811.0
2020-11-17,화,1685.0
2020-11-18,수,809.0
2020-11-19,목,256.0
2020-11-20,금,976.0
2020-11-21,토,4101.0
2020-11-22,일,2557.0
2020-11-23,월,762.0
2020-11-24,화,819.0
2020-11-25,수,911.0
2020-11-26,목,10031.0
2020-11-27,금,784.0
2020-11-28,토,1651.0
2020-11-29,일,9912.0
2020-11-30,월,576.0
2020-12-01,화,727.0
2020-12-02,수,628.0
2020-12-03,목,614.0
2020-12-04,금,678.0
2020-12-05,토,1701.0
2020-12-06,일,2385.0
2020-12-07,월,928.0
2020-12-08,화,591.0
2020-12-09,수,615.0
2020-12-10,목,683.0
2020-12-11,금,7810.0
2020-12-12,토,1641.0
2020-12-13,일,644.0
2020-12-14,월,217.0
2020-12-15,화,101.0
2020-12-16,수,114.0
2020-12-17,목,133.0
2020-12-18,금,230.0
2020-12-19,토,380.0
2020-12-20,일,696.0
2020-12-21,월,231.0
2020-12-22,화,282.0
2020-12-23,수,288.0
2020-12-24,목,347.0
2020-12-25,금,1058.0
2020-12-26,토,1356.0
2020-12-27,일,1876.0
2020-12-28,월,802.0
2020-12-29,화,244.0
2020-12-30,수,72.0
2020-12-31,목,139.0
